id,posicion
0,Delantero
1,Lateral
2,Volante defensivo
3,Delantero
4,Delantero
5,Volante defensivo
6,Defensor central
7,Lateral
8,Lateral
9,Volante defensivo
10,Extremo
11,Lateral
12,Lateral
13,Delantero
14,Volante defensivo
15,Defensor central
16,Lateral
17,Extremo
18,Extremo
19,Arquero
20,Defensor central
21,Arquero
22,Volante
23,Delantero
24,Lateral
25,Lateral
26,Defensor central
27,Arquero
28,Volante defensivo
29,Extremo
30,Extremo
31,Extremo
32,Defensor central
33,Arquero
34,Volante
35,Lateral
36,Extremo
37,Delantero
38,Arquero
39,Volante
40,Volante
41,Arquero
42,Volante
43,Volante
44,Delantero
45,Volante
46,Lateral
47,Lateral
48,Lateral
49,Extremo
50,Volante defensivo
51,Extremo
52,Volante defensivo
53,Arquero
54,Defensor central
55,Volante
56,Volante
57,Defensor central
58,Volante
59,Volante defensivo
60,Arquero
61,Arquero
62,Defensor central
63,Arquero
64,Volante defensivo
65,Delantero
66,Volante defensivo
67,Volante
68,Volante
69,Arquero
70,Extremo
71,Extremo
72,Extremo
73,Delantero
74,Volante defensivo
75,Defensor central
76,Lateral
77,Arquero
78,Delantero
79,Delantero
80,Arquero
81,Volante defensivo
82,Volante
83,Delantero
84,Lateral
85,Extremo
86,Delantero
87,Delantero
88,Defensor central
89,Volante defensivo
90,Volante defensivo
91,Volante defensivo
92,Volante defensivo
93,Volante
94,Volante defensivo
95,Extremo
96,Lateral
97,Arquero
98,Arquero
99,Arquero
100,Defensor central
101,Delantero
102,Extremo
103,Extremo
104,Lateral
105,Lateral
106,Arquero
107,Defensor central
108,Lateral
109,Volante
110,Lateral
111,Volante
112,Volante defensivo
113,Delantero
114,Extremo
115,Defensor central
116,Volante defensivo
117,Lateral
118,Delantero
119,Lateral
120,Extremo
121,Lateral
122,Lateral
123,Defensor central
124,Extremo
125,Arquero
126,Lateral
127,Arquero
128,Defensor central
129,Defensor central
130,Delantero
131,Delantero
132,Lateral
133,Volante defensivo
134,Volante defensivo
135,Lateral
136,Arquero
137,Delantero
138,Lateral
139,Volante
140,Volante defensivo
141,Delantero
142,Arquero
143,Arquero
144,Volante
145,Volante
146,Volante defensivo
147,Volante
148,Volante defensivo
149,Delantero
150,Volante
151,Extremo
152,Volante defensivo
153,Defensor central
154,Lateral
155,Extremo
156,Delantero
157,Arquero
158,Extremo
159,Defensor central
160,Volante
161,Extremo
162,Extremo
163,Delantero
164,Lateral
165,Defensor central
166,Volante defensivo
167,Extremo
168,Arquero
169,Volante
170,Extremo
171,Arquero
172,Delantero
173,Volante defensivo
174,Defensor central
175,Arquero
176,Volante defensivo
177,Volante defensivo
178,Arquero
179,Volante defensivo
180,Extremo
181,Extremo
182,Volante
183,Defensor central
184,Arquero
185,Extremo
186,Lateral
187,Extremo
188,Lateral
189,Defensor central
190,Arquero
191,Volante defensivo
192,Delantero
193,Delantero
194,Extremo
195,Arquero
196,Volante defensivo
197,Lateral
198,Lateral
199,Volante
200,Arquero
201,Defensor central
202,Arquero
203,Delantero
204,Defensor central
205,Extremo
206,Volante defensivo
207,Delantero
208,Volante
209,Arquero
210,Lateral
211,Extremo
212,Arquero
213,Lateral
214,Lateral
215,Extremo
216,Defensor central
217,Lateral
218,Volante
219,Arquero
220,Defensor central
221,Volante defensivo
222,Volante
223,Delantero
224,Lateral
225,Lateral
226,Defensor central
227,Delantero
228,Lateral
229,Volante
230,Extremo
231,Lateral
232,Defensor central
233,Defensor central
234,Volante
235,Lateral
236,Arquero
237,Volante defensivo
238,Extremo
239,Delantero
240,Defensor central
241,Volante defensivo
242,Defensor central
243,Delantero
244,Volante defensivo
245,Defensor central
246,Defensor central
247,Extremo
248,Volante
249,Lateral
250,Extremo
251,Delantero
252,Volante defensivo
253,Extremo
254,Extremo
255,Delantero
256,Lateral
257,Arquero
258,Defensor central
259,Defensor central
260,Volante defensivo
261,Arquero
262,Lateral
263,Volante defensivo
264,Volante
265,Defensor central
266,Defensor central
267,Arquero
268,Defensor central
269,Extremo
270,Arquero
271,Defensor central
272,Volante
273,Delantero
274,Defensor central
275,Delantero
276,Delantero
277,Volante defensivo
278,Volante
279,Delantero
280,Volante defensivo
281,Volante
282,Arquero
283,Lateral
284,Delantero
285,Volante
286,Arquero
287,Delantero
288,Extremo
289,Delantero
290,Defensor central
291,Volante defensivo
292,Volante defensivo
293,Delantero
294,Delantero
295,Extremo
296,Extremo
297,Defensor central
298,Volante defensivo
299,Volante defensivo
300,Extremo
301,Lateral
302,Volante
303,Arquero
304,Volante
305,Arquero
306,Volante
307,Volante
308,Defensor central
309,Volante
310,Volante defensivo
311,Volante
312,Extremo
313,Arquero
314,Delantero
315,Delantero
316,Volante
317,Extremo
318,Defensor central
319,Defensor central
320,Delantero
321,Lateral
322,Extremo
323,Volante defensivo
324,Arquero
325,Extremo
326,Defensor central
327,Arquero
328,Volante
329,Lateral
330,Defensor central
331,Extremo
332,Volante defensivo
333,Lateral
334,Defensor central
335,Defensor central
336,Defensor central
337,Extremo
338,Extremo
339,Arquero
340,Defensor central
341,Extremo
342,Defensor central
343,Volante
344,Extremo
345,Delantero
346,Extremo
347,Lateral
348,Volante
349,Defensor central
350,Delantero
351,Volante defensivo
352,Delantero
353,Volante defensivo
354,Defensor central
355,Volante
356,Delantero
357,Defensor central
358,Volante defensivo
359,Volante
360,Lateral
361,Defensor central
362,Lateral
363,Arquero
364,Volante defensivo
365,Lateral
366,Volante
367,Volante defensivo
368,Arquero
369,Volante defensivo
370,Defensor central
371,Defensor central
372,Arquero
373,Defensor central
374,Defensor central
375,Lateral
376,Delantero
377,Delantero
378,Volante
379,Lateral
380,Volante defensivo
381,Extremo
382,Arquero
383,Lateral
384,Lateral
385,Arquero
386,Defensor central
387,Extremo
388,Lateral
389,Defensor central
390,Extremo
391,Extremo
392,Extremo
393,Arquero
394,Arquero
395,Delantero
396,Volante defensivo
397,Arquero
398,Defensor central
399,Volante defensivo
400,Volante
401,Lateral
402,Delantero
403,Lateral
404,Delantero
405,Volante defensivo
406,Lateral
407,Extremo
408,Arquero
409,Extremo
410,Delantero
411,Delantero
412,Defensor central
413,Lateral
414,Arquero
415,Lateral
416,Volante defensivo
417,Extremo
418,Volante defensivo
419,Defensor central
420,Arquero
421,Defensor central
422,Volante defensivo
423,Lateral
424,Lateral
425,Delantero
426,Volante defensivo
427,Lateral
428,Volante
429,Arquero
430,Delantero
431,Defensor central
432,Extremo
433,Arquero
434,Volante defensivo
435,Delantero
436,Arquero
437,Lateral
438,Volante
439,Defensor central
440,Delantero
441,Delantero
442,Volante
443,Volante
444,Arquero
445,Lateral
446,Lateral
447,Arquero
448,Defensor central
449,Defensor central
450,Defensor central
451,Extremo
452,Delantero
453,Defensor central
454,Volante defensivo
455,Defensor central
456,Lateral
457,Arquero
458,Volante defensivo
459,Volante
460,Arquero
461,Extremo
462,Volante defensivo
463,Extremo
464,Volante
465,Volante
466,Volante defensivo
467,Extremo
468,Volante
469,Volante
470,Delantero
471,Volante
472,Arquero
473,Extremo
474,Arquero
475,Volante defensivo
476,Volante defensivo
477,Extremo
478,Extremo
479,Defensor central
480,Delantero
481,Extremo
482,Volante defensivo
483,Extremo
484,Arquero
485,Volante
486,Arquero
487,Delantero
488,Lateral
489,Extremo
490,Lateral
491,Lateral
492,Arquero
493,Lateral
494,Volante
495,Lateral
496,Arquero
497,Delantero
498,Delantero
499,Volante defensivo
500,Volante defensivo
501,Arquero
502,Arquero
503,Volante defensivo
504,Lateral
505,Volante
506,Extremo
507,Defensor central
508,Arquero
509,Delantero
510,Volante
511,Defensor central
512,Lateral
513,Volante
514,Volante
515,Volante defensivo
516,Extremo
517,Extremo
518,Extremo
519,Lateral
520,Arquero
521,Lateral
522,Volante
523,Volante
524,Lateral
525,Lateral
526,Volante
527,Lateral
528,Extremo
529,Volante
530,Volante defensivo
531,Defensor central
532,Extremo
533,Extremo
534,Arquero
535,Volante defensivo
536,Defensor central
537,Delantero
538,Arquero
539,Delantero
540,Volante defensivo
541,Arquero
542,Volante
543,Delantero
544,Extremo
545,Delantero
546,Delantero
547,Volante defensivo
548,Delantero
549,Extremo
550,Volante
551,Defensor central
552,Arquero
553,Volante defensivo
554,Lateral
555,Extremo
556,Volante defensivo
557,Volante defensivo
558,Lateral
559,Delantero
560,Volante defensivo
561,Lateral
562,Extremo
563,Lateral
564,Extremo
565,Extremo
566,Volante defensivo
567,Defensor central
568,Volante defensivo
569,Arquero
570,Volante defensivo
571,Defensor central
572,Extremo
573,Extremo
574,Delantero
575,Lateral
576,Arquero
577,Lateral
578,Defensor central
579,Arquero
580,Volante
581,Defensor central
582,Defensor central
583,Volante
584,Lateral
585,Arquero
586,Lateral
587,Volante
588,Defensor central
589,Extremo
590,Delantero
591,Arquero
592,Volante defensivo
593,Defensor central
594,Lateral
595,Volante defensivo
596,Defensor central
597,Extremo
598,Lateral
599,Volante defensivo
600,Delantero
601,Extremo
602,Defensor central
603,Volante
604,Lateral
605,Volante defensivo
606,Extremo
607,Volante
608,Arquero
609,Delantero
610,Delantero
611,Extremo
612,Volante
613,Extremo
614,Lateral
615,Extremo
616,Extremo
617,Delantero
618,Arquero
619,Volante
620,Defensor central
621,Lateral
622,Lateral
623,Volante
624,Volante
625,Defensor central
626,Defensor central
627,Volante defensivo
628,Extremo
629,Volante defensivo
630,Arquero
631,Volante defensivo
632,Volante defensivo
633,Defensor central
634,Volante defensivo
635,Volante defensivo
636,Volante
637,Volante defensivo
638,Volante
639,Extremo
640,Extremo
641,Lateral
642,Volante defensivo
643,Arquero
644,Arquero
645,Volante defensivo
646,Volante
647,Arquero
648,Defensor central
649,Lateral
650,Lateral
651,Extremo
652,Delantero
653,Volante
654,Delantero
655,Arquero
656,Extremo
657,Arquero
658,Volante defensivo
659,Extremo
660,Delantero
661,Arquero
662,Lateral
663,Lateral
664,Defensor central
665,Volante defensivo
666,Volante defensivo
667,Delantero
668,Volante
669,Volante
670,Delantero
671,Volante
672,Volante defensivo
673,Volante
674,Volante
675,Volante defensivo
676,Defensor central
677,Extremo
678,Extremo
679,Extremo
680,Volante defensivo
681,Defensor central
682,Delantero
683,Arquero
684,Volante defensivo
685,Volante
686,Volante defensivo
687,Defensor central
688,Extremo
689,Lateral
690,Lateral
691,Volante defensivo
692,Defensor central
693,Delantero
694,Extremo
695,Volante defensivo
696,Extremo
697,Delantero
698,Volante defensivo
699,Defensor central
700,Lateral
701,Volante
702,Extremo
703,Delantero
704,Volante
705,Arquero
706,Arquero
707,Lateral
708,Lateral
709,Lateral
710,Volante defensivo
711,Delantero
712,Volante defensivo
713,Extremo
714,Delantero
715,Extremo
716,Defensor central
717,Extremo
718,Lateral
719,Volante
720,Defensor central
721,Lateral
722,Arquero
723,Delantero
724,Arquero
725,Extremo
726,Extremo
727,Defensor central
728,Extremo
729,Lateral
730,Extremo
731,Defensor central
732,Delantero
733,Extremo
734,Defensor central
735,Arquero
736,Extremo
737,Extremo
738,Volante defensivo
739,Delantero
740,Delantero
741,Volante
742,Extremo
743,Lateral
744,Volante
745,Defensor central
746,Extremo
747,Delantero
748,Defensor central
749,Volante defensivo
750,Lateral
751,Lateral
752,Extremo
753,Defensor central
754,Volante
755,Delantero
756,Lateral
757,Volante defensivo
758,Defensor central
759,Extremo
760,Delantero
761,Defensor central
762,Arquero
763,Volante
764,Arquero
765,Defensor central
766,Volante
767,Volante
768,Lateral
769,Extremo
770,Lateral
771,Lateral
772,Extremo
773,Arquero
774,Lateral
775,Delantero
776,Defensor central
777,Extremo
778,Arquero
779,Extremo
780,Defensor central
781,Arquero
782,Extremo
783,Volante defensivo
784,Arquero
785,Volante
786,Extremo
787,Delantero
788,Defensor central
789,Defensor central
790,Volante
791,Extremo
792,Delantero
793,Delantero
794,Lateral
795,Arquero
796,Extremo
797,Delantero
798,Lateral
799,Arquero
800,Defensor central
801,Extremo
802,Delantero
803,Defensor central
804,Lateral
805,Volante defensivo
806,Delantero
807,Extremo
808,Defensor central
809,Arquero
810,Extremo
811,Lateral
812,Arquero
813,Volante
814,Volante
815,Defensor central
816,Volante
817,Lateral
818,Extremo
819,Extremo
820,Extremo
821,Extremo
822,Volante
823,Volante defensivo
824,Lateral
825,Lateral
826,Defensor central
827,Arquero
828,Defensor central
829,Extremo
830,Arquero
831,Extremo
832,Volante defensivo
833,Defensor central
834,Defensor central
835,Volante defensivo
836,Lateral
837,Arquero
838,Lateral
839,Extremo
840,Lateral
841,Lateral
842,Defensor central
843,Defensor central
844,Arquero
845,Defensor central
846,Defensor central
847,Volante
848,Volante defensivo
849,Extremo
850,Lateral
851,Lateral
852,Extremo
853,Lateral
854,Arquero
855,Defensor central
856,Arquero
857,Arquero
858,Extremo
859,Volante
860,Defensor central
861,Lateral
862,Volante
863,Volante
864,Volante
865,Volante defensivo
866,Arquero
867,Volante defensivo
868,Defensor central
869,Extremo
870,Extremo
871,Lateral
872,Defensor central
873,Extremo
874,Volante defensivo
875,Volante
876,Volante
877,Lateral
878,Volante
879,Delantero
880,Delantero
881,Volante
882,Extremo
883,Arquero
884,Lateral
885,Defensor central
886,Arquero
887,Lateral
888,Volante
889,Arquero
890,Arquero
891,Extremo
892,Delantero
893,Extremo
894,Arquero
895,Delantero
896,Volante
897,Arquero
898,Extremo
899,Volante
900,Volante
901,Extremo
902,Volante
903,Extremo
904,Lateral
905,Arquero
906,Arquero
907,Delantero
908,Delantero
909,Lateral
910,Lateral
911,Arquero
912,Volante defensivo
913,Volante defensivo
914,Delantero
915,Extremo
916,Delantero
917,Arquero
918,Defensor central
919,Delantero
920,Volante
921,Lateral
922,Lateral
923,Extremo
924,Delantero
925,Volante defensivo
926,Lateral
927,Delantero
928,Delantero
929,Volante defensivo
930,Extremo
931,Volante defensivo
932,Arquero
933,Delantero
934,Extremo
935,Defensor central
936,Volante
937,Volante
938,Volante
939,Lateral
940,Delantero
941,Defensor central
942,Defensor central
943,Delantero
944,Arquero
945,Lateral
946,Volante defensivo
947,Extremo
948,Defensor central
949,Volante
950,Extremo
951,Lateral
952,Volante defensivo
953,Delantero
954,Extremo
955,Delantero
956,Defensor central
957,Arquero
958,Extremo
959,Volante defensivo
960,Arquero
961,Lateral
962,Volante defensivo
963,Extremo
964,Extremo
965,Arquero
966,Lateral
967,Volante
968,Volante
969,Volante defensivo
970,Defensor central
971,Defensor central
972,Extremo
973,Delantero
974,Volante
975,Defensor central
976,Volante defensivo
977,Arquero
978,Delantero
979,Delantero
980,Arquero
981,Arquero
982,Volante
983,Delantero
984,Defensor central
985,Volante
986,Defensor central
987,Lateral
988,Volante
989,Defensor central
990,Lateral
991,Volante defensivo
992,Delantero
993,Volante
994,Defensor central
995,Volante
996,Defensor central
997,Volante defensivo
998,Delantero
999,Defensor central
1000,Lateral
1001,Arquero
1002,Delantero
1003,Volante
1004,Volante
1005,Extremo
1006,Extremo
1007,Volante
1008,Delantero
1009,Volante
1010,Volante defensivo
1011,Delantero
1012,Volante defensivo
1013,Delantero
1014,Arquero
1015,Delantero
1016,Extremo
1017,Volante defensivo
1018,Lateral
1019,Defensor central
1020,Delantero
1021,Arquero
1022,Arquero
1023,Volante
1024,Volante defensivo
1025,Arquero
1026,Lateral
1027,Volante defensivo
1028,Extremo
1029,Volante
1030,Volante
1031,Extremo
1032,Volante defensivo
1033,Volante defensivo
1034,Extremo
1035,Volante defensivo
1036,Delantero
1037,Arquero
1038,Defensor central
1039,Volante defensivo
1040,Arquero
1041,Extremo
1042,Extremo
1043,Lateral
1044,Volante defensivo
1045,Defensor central
1046,Delantero
1047,Arquero
1048,Volante
1049,Extremo
1050,Defensor central
1051,Defensor central
1052,Defensor central
1053,Delantero
1054,Lateral
1055,Volante defensivo
1056,Volante defensivo
1057,Extremo
1058,Extremo
1059,Defensor central
1060,Extremo
1061,Delantero
1062,Arquero
1063,Arquero
1064,Extremo
1065,Defensor central
1066,Arquero
1067,Lateral
1068,Volante
1069,Arquero
1070,Lateral
1071,Delantero
1072,Extremo
1073,Volante
1074,Volante
1075,Arquero
1076,Volante defensivo
1077,Lateral
1078,Extremo
1079,Extremo
1080,Delantero
1081,Volante defensivo
1082,Volante defensivo
1083,Arquero
1084,Lateral
1085,Arquero
1086,Defensor central
1087,Volante
1088,Delantero
1089,Extremo
1090,Defensor central
1091,Extremo
1092,Extremo
1093,Delantero
1094,Volante
1095,Volante
1096,Delantero
1097,Lateral
1098,Extremo
1099,Delantero
1100,Delantero
1101,Volante defensivo
1102,Lateral
1103,Defensor central
1104,Delantero
1105,Lateral
1106,Lateral
1107,Arquero
1108,Volante
1109,Extremo
1110,Volante defensivo
1111,Defensor central
1112,Volante defensivo
1113,Volante defensivo
1114,Lateral
1115,Extremo
1116,Volante
1117,Delantero
1118,Extremo
1119,Defensor central
1120,Volante
1121,Delantero
1122,Extremo
1123,Volante defensivo
1124,Volante
1125,Delantero
1126,Extremo
1127,Volante
1128,Volante defensivo
1129,Lateral
1130,Volante defensivo
1131,Volante defensivo
1132,Extremo
1133,Volante
1134,Extremo
1135,Delantero
1136,Arquero
1137,Lateral
1138,Volante
1139,Delantero
1140,Arquero
1141,Volante
1142,Extremo
1143,Delantero
1144,Arquero
1145,Volante defensivo
1146,Volante
1147,Volante
1148,Lateral
1149,Volante
1150,Volante defensivo
1151,Arquero
1152,Defensor central
1153,Volante defensivo
1154,Defensor central
1155,Arquero
1156,Delantero
1157,Extremo
1158,Lateral
1159,Arquero
1160,Defensor central
1161,Defensor central
1162,Volante
1163,Defensor central
1164,Delantero
1165,Defensor central
1166,Defensor central
1167,Arquero
1168,Extremo
1169,Lateral
1170,Delantero
1171,Arquero
1172,Extremo
1173,Volante
1174,Delantero
1175,Delantero
1176,Volante
1177,Volante defensivo
1178,Arquero
1179,Lateral
1180,Defensor central
1181,Delantero
1182,Extremo
1183,Volante defensivo
1184,Delantero
1185,Volante
1186,Delantero
1187,Lateral
1188,Defensor central
1189,Extremo
1190,Lateral
1191,Delantero
1192,Extremo
1193,Volante defensivo
1194,Volante defensivo
1195,Delantero
1196,Delantero
1197,Arquero
1198,Extremo
1199,Lateral
1200,Defensor central
1201,Delantero
1202,Arquero
1203,Arquero
1204,Delantero
1205,Delantero
1206,Defensor central
1207,Lateral
1208,Lateral
1209,Volante defensivo
1210,Volante
1211,Defensor central
1212,Delantero
1213,Delantero
1214,Volante defensivo
1215,Delantero
1216,Defensor central
1217,Lateral
1218,Volante defensivo
1219,Lateral
1220,Volante
1221,Arquero
1222,Defensor central
1223,Volante
1224,Volante defensivo
1225,Volante defensivo
1226,Defensor central
1227,Defensor central
1228,Arquero
1229,Volante defensivo
1230,Extremo
1231,Extremo
1232,Delantero
1233,Arquero
1234,Defensor central
1235,Extremo
1236,Arquero
1237,Defensor central
1238,Delantero
1239,Volante
1240,Volante
1241,Extremo
1242,Lateral
1243,Arquero
1244,Arquero
1245,Volante defensivo
1246,Defensor central
1247,Volante
1248,Lateral
1249,Extremo
1250,Arquero
1251,Arquero
1252,Lateral
1253,Lateral
1254,Arquero
1255,Lateral
1256,Lateral
1257,Defensor central
1258,Lateral
1259,Delantero
1260,Volante
1261,Lateral
1262,Delantero
1263,Arquero
1264,Volante defensivo
1265,Volante defensivo
1266,Volante defensivo
1267,Arquero
1268,Delantero
1269,Arquero
1270,Volante defensivo
1271,Delantero
1272,Lateral
1273,Lateral
1274,Delantero
1275,Lateral
1276,Delantero
1277,Delantero
1278,Volante defensivo
1279,Volante
1280,Extremo
1281,Defensor central
1282,Delantero
1283,Volante defensivo
1284,Arquero
1285,Extremo
1286,Delantero
1287,Extremo
1288,Defensor central
1289,Lateral
1290,Delantero
1291,Arquero
1292,Arquero
1293,Arquero
1294,Defensor central
1295,Volante defensivo
1296,Defensor central
1297,Extremo
1298,Lateral
1299,Volante
1300,Arquero
1301,Delantero
1302,Arquero
1303,Defensor central
1304,Extremo
1305,Defensor central
1306,Lateral
1307,Defensor central
1308,Arquero
1309,Lateral
1310,Delantero
1311,Extremo
1312,Defensor central
1313,Volante defensivo
1314,Defensor central
1315,Defensor central
1316,Volante
1317,Volante defensivo
1318,Volante defensivo
1319,Extremo
1320,Arquero
1321,Lateral
1322,Arquero
1323,Volante
1324,Lateral
1325,Defensor central
1326,Volante defensivo
1327,Extremo
1328,Lateral
1329,Delantero
1330,Volante
1331,Extremo
1332,Defensor central
1333,Lateral
1334,Delantero
1335,Defensor central
1336,Delantero
1337,Delantero
1338,Volante defensivo
1339,Volante defensivo
1340,Volante
1341,Arquero
1342,Volante defensivo
1343,Defensor central
1344,Extremo
1345,Extremo
1346,Defensor central
1347,Arquero
1348,Arquero
1349,Volante defensivo
1350,Extremo
1351,Extremo
1352,Defensor central
1353,Volante defensivo
1354,Extremo
1355,Delantero
1356,Lateral
1357,Arquero
1358,Defensor central
1359,Defensor central
1360,Delantero
1361,Extremo
1362,Volante
1363,Lateral
1364,Volante defensivo
1365,Extremo
1366,Volante defensivo
1367,Delantero
1368,Delantero
1369,Volante
1370,Defensor central
1371,Volante
1372,Defensor central
1373,Extremo
1374,Lateral
1375,Arquero
1376,Defensor central
1377,Delantero
1378,Extremo
1379,Defensor central
1380,Extremo
1381,Extremo
1382,Defensor central
1383,Arquero
1384,Lateral
1385,Volante defensivo
1386,Volante defensivo
1387,Defensor central
1388,Defensor central
1389,Volante
1390,Extremo
1391,Delantero
1392,Extremo
1393,Arquero
1394,Arquero
1395,Extremo
1396,Lateral
1397,Arquero
1398,Extremo
1399,Extremo
1400,Delantero
1401,Lateral
1402,Extremo
1403,Arquero
1404,Extremo
1405,Volante
1406,Delantero
1407,Extremo
1408,Defensor central
1409,Volante defensivo
1410,Volante
1411,Delantero
1412,Lateral
1413,Volante defensivo
1414,Delantero
1415,Delantero
1416,Extremo
1417,Volante defensivo
1418,Arquero
1419,Extremo
1420,Volante defensivo
1421,Extremo
1422,Volante defensivo
1423,Arquero
1424,Defensor central
1425,Defensor central
1426,Volante
1427,Extremo
1428,Arquero
1429,Lateral
1430,Volante
1431,Extremo
1432,Delantero
1433,Arquero
1434,Delantero
1435,Delantero
1436,Lateral
1437,Delantero
1438,Extremo
1439,Volante defensivo
1440,Volante
1441,Delantero
1442,Volante defensivo
1443,Defensor central
1444,Volante defensivo
1445,Arquero
1446,Delantero
1447,Delantero
1448,Volante defensivo
1449,Volante
1450,Volante
1451,Defensor central
1452,Lateral
1453,Extremo
1454,Volante defensivo
1455,Volante
1456,Delantero
1457,Lateral
1458,Volante
1459,Arquero
1460,Volante
1461,Volante defensivo
1462,Defensor central
1463,Delantero
1464,Lateral
1465,Volante
1466,Lateral
1467,Defensor central
1468,Volante
1469,Arquero
1470,Arquero
1471,Arquero
1472,Defensor central
1473,Arquero
1474,Volante
1475,Volante
1476,Lateral
1477,Volante defensivo
1478,Extremo
1479,Volante
1480,Defensor central
1481,Volante
1482,Extremo
1483,Defensor central
1484,Extremo
1485,Lateral
1486,Lateral
1487,Defensor central
1488,Arquero
1489,Lateral
1490,Arquero
1491,Arquero
1492,Delantero
1493,Volante
1494,Arquero
1495,Delantero
1496,Volante
1497,Arquero
1498,Delantero
1499,Volante
1500,Defensor central
1501,Volante
1502,Volante defensivo
1503,Delantero
1504,Defensor central
1505,Volante defensivo
1506,Lateral
1507,Volante
1508,Extremo
1509,Delantero
1510,Volante
1511,Volante defensivo
1512,Volante
1513,Arquero
1514,Extremo
1515,Delantero
1516,Lateral
1517,Volante defensivo
1518,Lateral
1519,Extremo
1520,Delantero
1521,Extremo
1522,Volante defensivo
1523,Defensor central
1524,Defensor central
1525,Delantero
1526,Defensor central
1527,Lateral
1528,Arquero
1529,Lateral
1530,Volante defensivo
1531,Arquero
1532,Lateral
1533,Defensor central
1534,Volante
1535,Extremo
1536,Defensor central
1537,Arquero
1538,Arquero
1539,Defensor central
1540,Volante
1541,Arquero
1542,Delantero
1543,Defensor central
1544,Extremo
1545,Volante defensivo
1546,Arquero
1547,Lateral
1548,Extremo
1549,Arquero
1550,Arquero
1551,Lateral
1552,Volante
1553,Volante
1554,Volante defensivo
1555,Volante defensivo
1556,Volante defensivo
1557,Lateral
1558,Extremo
1559,Volante
1560,Volante defensivo
1561,Delantero
1562,Lateral
1563,Lateral
1564,Volante
1565,Extremo
1566,Delantero
1567,Delantero
1568,Delantero
1569,Arquero
1570,Volante
1571,Delantero
1572,Defensor central
1573,Delantero
1574,Volante
1575,Defensor central
1576,Extremo
1577,Lateral
1578,Extremo
1579,Defensor central
1580,Arquero
1581,Volante
1582,Arquero
1583,Delantero
1584,Arquero
1585,Defensor central
1586,Arquero
1587,Delantero
1588,Arquero
1589,Volante defensivo
1590,Volante
1591,Volante defensivo
1592,Volante defensivo
1593,Arquero
1594,Extremo
1595,Volante defensivo
1596,Volante
1597,Lateral
1598,Delantero
1599,Arquero
1600,Delantero
1601,Volante
1602,Arquero
1603,Defensor central
1604,Volante
1605,Delantero
1606,Extremo
1607,Lateral
1608,Lateral
1609,Arquero
1610,Volante defensivo
1611,Extremo
1612,Extremo
1613,Volante defensivo
1614,Extremo
1615,Extremo
1616,Arquero
1617,Volante defensivo
1618,Lateral
1619,Arquero
1620,Extremo
1621,Arquero
1622,Extremo
1623,Extremo
1624,Lateral
1625,Defensor central
1626,Arquero
1627,Defensor central
1628,Volante defensivo
1629,Extremo
1630,Extremo
1631,Arquero
1632,Volante defensivo
1633,Volante
1634,Defensor central
1635,Extremo
1636,Volante
1637,Lateral
1638,Extremo
1639,Defensor central
1640,Lateral
1641,Extremo
1642,Defensor central
1643,Defensor central
1644,Volante defensivo
1645,Volante
1646,Lateral
1647,Extremo
1648,Delantero
1649,Delantero
1650,Volante defensivo
1651,Extremo
1652,Volante
1653,Delantero
1654,Extremo
1655,Defensor central
1656,Lateral
1657,Lateral
1658,Delantero
1659,Defensor central
1660,Lateral
1661,Delantero
1662,Volante defensivo
1663,Lateral
1664,Extremo
1665,Defensor central
1666,Arquero
1667,Lateral
1668,Volante defensivo
1669,Extremo
1670,Delantero
1671,Lateral
1672,Arquero
1673,Delantero
1674,Extremo
1675,Lateral
1676,Volante
1677,Defensor central
1678,Delantero
1679,Defensor central
1680,Delantero
1681,Arquero
1682,Delantero
1683,Volante defensivo
1684,Arquero
1685,Volante defensivo
1686,Lateral
1687,Volante defensivo
1688,Extremo
1689,Volante
1690,Delantero
1691,Extremo
1692,Lateral
1693,Volante defensivo
1694,Extremo
1695,Extremo
1696,Volante
1697,Defensor central
1698,Volante
1699,Volante
1700,Arquero
1701,Defensor central
1702,Extremo
1703,Delantero
1704,Arquero
1705,Defensor central
1706,Volante
1707,Defensor central
1708,Extremo
1709,Arquero
1710,Arquero
1711,Volante
1712,Defensor central
1713,Volante
1714,Delantero
1715,Extremo
1716,Extremo
1717,Volante
1718,Volante defensivo
1719,Volante
1720,Arquero
1721,Defensor central
1722,Volante defensivo
1723,Volante defensivo
1724,Volante
1725,Volante defensivo
1726,Volante defensivo
1727,Lateral
1728,Extremo
1729,Extremo
1730,Delantero
1731,Delantero
1732,Arquero
1733,Volante
1734,Arquero
1735,Defensor central
1736,Extremo
1737,Extremo
1738,Volante defensivo
1739,Volante defensivo
1740,Arquero
1741,Extremo
1742,Lateral
1743,Volante
1744,Defensor central
1745,Arquero
1746,Arquero
1747,Lateral
1748,Extremo
1749,Extremo
1750,Extremo
1751,Volante
1752,Arquero
1753,Extremo
1754,Delantero
1755,Volante
1756,Volante
1757,Volante
1758,Volante defensivo
1759,Volante
1760,Lateral
1761,Volante defensivo
1762,Volante defensivo
1763,Volante defensivo
1764,Lateral
1765,Lateral
1766,Arquero
1767,Volante defensivo
1768,Delantero
1769,Lateral
1770,Defensor central
1771,Delantero
1772,Volante
1773,Arquero
1774,Defensor central
1775,Extremo
1776,Volante defensivo
1777,Lateral
1778,Arquero
1779,Arquero
1780,Delantero
1781,Defensor central
1782,Volante defensivo
1783,Volante
1784,Lateral
1785,Delantero
1786,Delantero
1787,Extremo
1788,Arquero
1789,Volante
1790,Arquero
1791,Delantero
1792,Delantero
1793,Delantero
1794,Lateral
1795,Defensor central
1796,Defensor central
1797,Extremo
1798,Extremo
1799,Delantero
1800,Arquero
1801,Volante defensivo
1802,Lateral
1803,Lateral
1804,Volante
1805,Extremo
1806,Arquero
1807,Delantero
1808,Lateral
1809,Delantero
1810,Extremo
1811,Extremo
1812,Defensor central
1813,Lateral
1814,Volante defensivo
1815,Extremo
1816,Defensor central
1817,Volante
1818,Arquero
1819,Arquero
1820,Lateral
1821,Arquero
1822,Defensor central
1823,Delantero
1824,Delantero
1825,Lateral
1826,Arquero
1827,Extremo
1828,Volante defensivo
1829,Extremo
1830,Defensor central
1831,Arquero
1832,Arquero
1833,Defensor central
1834,Extremo
1835,Arquero
1836,Arquero
1837,Defensor central
1838,Arquero
1839,Volante
1840,Extremo
1841,Arquero
1842,Extremo
1843,Lateral
1844,Lateral
1845,Lateral
1846,Lateral
1847,Volante defensivo
1848,Extremo
1849,Delantero
1850,Extremo
1851,Delantero
1852,Defensor central
1853,Volante defensivo
1854,Extremo
1855,Defensor central
1856,Defensor central
1857,Volante
1858,Delantero
1859,Defensor central
1860,Volante
1861,Arquero
1862,Arquero
1863,Volante
1864,Arquero
1865,Defensor central
1866,Volante
1867,Defensor central
1868,Extremo
1869,Volante
1870,Volante
1871,Extremo
1872,Volante
1873,Volante
1874,Volante defensivo
1875,Volante defensivo
1876,Arquero
1877,Volante
1878,Extremo
1879,Volante
1880,Volante defensivo
1881,Volante defensivo
1882,Defensor central
1883,Extremo
1884,Defensor central
1885,Lateral
1886,Defensor central
1887,Volante
1888,Volante
1889,Extremo
1890,Delantero
1891,Extremo
1892,Arquero
1893,Delantero
1894,Volante
1895,Lateral
1896,Volante defensivo
1897,Lateral
1898,Delantero
1899,Arquero
1900,Volante defensivo
1901,Delantero
1902,Delantero
1903,Volante
1904,Delantero
1905,Arquero
1906,Volante defensivo
1907,Defensor central
1908,Volante
1909,Volante
1910,Extremo
1911,Delantero
1912,Extremo
1913,Lateral
1914,Volante
1915,Volante defensivo
1916,Delantero
1917,Volante defensivo
1918,Arquero
1919,Volante defensivo
1920,Delantero
1921,Arquero
1922,Lateral
1923,Arquero
1924,Extremo
1925,Delantero
1926,Defensor central
1927,Delantero
1928,Lateral
1929,Delantero
1930,Defensor central
1931,Lateral
1932,Arquero
1933,Delantero
1934,Lateral
1935,Extremo
1936,Defensor central
1937,Volante defensivo
1938,Delantero
1939,Defensor central
1940,Delantero
1941,Lateral
1942,Lateral
1943,Lateral
1944,Arquero
1945,Defensor central
1946,Volante defensivo
1947,Arquero
1948,Volante defensivo
1949,Lateral
1950,Arquero
1951,Delantero
1952,Delantero
1953,Delantero
1954,Delantero
1955,Lateral
1956,Arquero
1957,Volante defensivo
1958,Lateral
1959,Volante
1960,Volante defensivo
1961,Lateral
1962,Volante defensivo
1963,Extremo
1964,Arquero
1965,Volante
1966,Volante defensivo
1967,Extremo
1968,Volante
1969,Extremo
1970,Delantero
1971,Volante defensivo
1972,Defensor central
1973,Volante
1974,Volante
1975,Volante
1976,Volante
1977,Extremo
1978,Defensor central
1979,Defensor central
1980,Volante defensivo
1981,Volante
1982,Extremo
1983,Delantero
1984,Defensor central
1985,Defensor central
1986,Arquero
1987,Arquero
1988,Lateral
1989,Volante defensivo
1990,Delantero
1991,Lateral
1992,Lateral
1993,Delantero
1994,Delantero
1995,Delantero
1996,Delantero
1997,Volante
1998,Arquero
1999,Lateral
2000,Extremo
2001,Defensor central
2002,Defensor central
2003,Lateral
2004,Volante defensivo
2005,Volante
2006,Lateral
2007,Arquero
2008,Extremo
2009,Volante defensivo
2010,Volante
2011,Volante
2012,Defensor central
2013,Defensor central
2014,Arquero
2015,Volante
2016,Volante defensivo
2017,Defensor central
2018,Arquero
2019,Volante defensivo
2020,Delantero
2021,Volante defensivo
2022,Volante defensivo
2023,Arquero
2024,Defensor central
2025,Arquero
2026,Delantero
2027,Arquero
2028,Lateral
2029,Delantero
2030,Lateral
2031,Extremo
2032,Defensor central
2033,Lateral
2034,Volante defensivo
2035,Volante defensivo
2036,Arquero
2037,Delantero
2038,Volante
2039,Extremo
2040,Defensor central
2041,Volante defensivo
2042,Volante defensivo
2043,Volante defensivo
2044,Arquero
2045,Defensor central
2046,Volante defensivo
2047,Volante defensivo
2048,Volante defensivo
2049,Arquero
2050,Volante defensivo
2051,Volante
2052,Volante
2053,Defensor central
2054,Lateral
2055,Delantero
2056,Volante defensivo
2057,Lateral
2058,Volante
2059,Defensor central
2060,Defensor central
2061,Volante defensivo
2062,Delantero
2063,Volante defensivo
2064,Extremo
2065,Volante
2066,Defensor central
2067,Defensor central
2068,Defensor central
2069,Volante
2070,Arquero
2071,Volante
2072,Lateral
2073,Defensor central
2074,Delantero
2075,Delantero
2076,Delantero
2077,Delantero
2078,Extremo
2079,Volante
2080,Volante defensivo
2081,Delantero
2082,Defensor central
2083,Volante defensivo
2084,Lateral
2085,Defensor central
2086,Lateral
2087,Volante
2088,Volante defensivo
2089,Extremo
2090,Extremo
2091,Volante
2092,Extremo
2093,Defensor central
2094,Arquero
2095,Defensor central
2096,Lateral
2097,Defensor central
2098,Delantero
2099,Arquero
2100,Volante defensivo
2101,Defensor central
2102,Volante defensivo
2103,Lateral
2104,Volante defensivo
2105,Defensor central
2106,Delantero
2107,Volante
2108,Defensor central
2109,Delantero
2110,Defensor central
2111,Delantero
2112,Arquero
2113,Volante
2114,Volante
2115,Defensor central
2116,Extremo
2117,Lateral
2118,Volante
2119,Volante defensivo
2120,Lateral
2121,Lateral
2122,Delantero
2123,Lateral
2124,Arquero
2125,Extremo
2126,Defensor central
2127,Lateral
2128,Volante defensivo
2129,Volante defensivo
2130,Volante defensivo
2131,Arquero
2132,Lateral
2133,Delantero
2134,Delantero
2135,Volante
2136,Delantero
2137,Extremo
2138,Volante
2139,Arquero
2140,Delantero
2141,Delantero
2142,Defensor central
2143,Volante
2144,Delantero
2145,Arquero
2146,Extremo
2147,Delantero
2148,Volante
2149,Delantero
2150,Delantero
2151,Delantero
2152,Defensor central
2153,Lateral
2154,Defensor central
2155,Arquero
2156,Extremo
2157,Defensor central
2158,Delantero
2159,Arquero
2160,Volante
2161,Volante defensivo
2162,Defensor central
2163,Volante defensivo
2164,Delantero
2165,Arquero
2166,Volante
2167,Defensor central
2168,Delantero
2169,Volante
2170,Arquero
2171,Defensor central
2172,Volante
2173,Volante defensivo
2174,Lateral
2175,Volante defensivo
2176,Arquero
2177,Defensor central
2178,Volante
2179,Volante defensivo
2180,Volante defensivo
2181,Lateral
2182,Arquero
2183,Defensor central
2184,Volante
2185,Volante
2186,Lateral
2187,Delantero
2188,Arquero
2189,Lateral
2190,Delantero
2191,Delantero
2192,Lateral
2193,Defensor central
2194,Lateral
2195,Volante defensivo
2196,Volante defensivo
2197,Defensor central
2198,Extremo
2199,Delantero
2200,Volante
2201,Defensor central
2202,Arquero
2203,Volante defensivo
2204,Lateral
2205,Extremo
2206,Defensor central
2207,Extremo
2208,Volante defensivo
2209,Volante
2210,Defensor central
2211,Lateral
2212,Lateral
2213,Volante defensivo
2214,Volante defensivo
2215,Delantero
2216,Volante defensivo
2217,Volante
2218,Extremo
2219,Arquero
2220,Volante
2221,Delantero
2222,Lateral
2223,Defensor central
2224,Volante
2225,Lateral
2226,Volante
2227,Volante defensivo
2228,Arquero
2229,Defensor central
2230,Delantero
2231,Volante defensivo
2232,Defensor central
2233,Extremo
2234,Extremo
2235,Extremo
2236,Volante
2237,Volante
2238,Volante defensivo
2239,Arquero
2240,Arquero
2241,Volante defensivo
2242,Defensor central
2243,Volante
2244,Extremo
2245,Delantero
2246,Delantero
2247,Volante defensivo
2248,Defensor central
2249,Delantero
2250,Defensor central
2251,Delantero
2252,Volante defensivo
2253,Delantero
2254,Defensor central
2255,Extremo
2256,Defensor central
2257,Volante defensivo
2258,Delantero
2259,Delantero
2260,Lateral
2261,Delantero
2262,Defensor central
2263,Arquero
2264,Delantero
2265,Delantero
2266,Lateral
2267,Volante defensivo
2268,Arquero
2269,Volante
2270,Lateral
2271,Arquero
2272,Lateral
2273,Volante
2274,Volante
2275,Lateral
2276,Lateral
2277,Arquero
2278,Volante
2279,Arquero
2280,Lateral
2281,Delantero
2282,Delantero
2283,Delantero
2284,Lateral
2285,Volante
2286,Volante defensivo
2287,Delantero
2288,Volante defensivo
2289,Lateral
2290,Arquero
2291,Delantero
2292,Defensor central
2293,Extremo
2294,Extremo
2295,Arquero
2296,Defensor central
2297,Volante
2298,Volante defensivo
2299,Extremo
2300,Lateral
2301,Volante
2302,Volante
2303,Delantero
2304,Extremo
2305,Defensor central
2306,Extremo
2307,Volante
2308,Defensor central
2309,Defensor central
2310,Delantero
2311,Volante defensivo
2312,Lateral
2313,Delantero
2314,Extremo
2315,Lateral
2316,Extremo
2317,Volante defensivo
2318,Defensor central
2319,Extremo
2320,Arquero
2321,Lateral
2322,Arquero
2323,Lateral
2324,Arquero
2325,Lateral
2326,Volante
2327,Arquero
2328,Defensor central
2329,Lateral
2330,Volante defensivo
2331,Delantero
2332,Lateral
2333,Defensor central
2334,Defensor central
2335,Lateral
2336,Arquero
2337,Delantero
2338,Delantero
2339,Arquero
2340,Volante defensivo
2341,Defensor central
2342,Lateral
2343,Volante
2344,Delantero
2345,Volante
2346,Lateral
2347,Arquero
2348,Volante defensivo
2349,Delantero
2350,Volante defensivo
2351,Delantero
2352,Delantero
2353,Delantero
2354,Volante
2355,Lateral
2356,Extremo
2357,Extremo
2358,Volante defensivo
2359,Extremo
2360,Volante defensivo
2361,Volante
2362,Delantero
2363,Volante
2364,Defensor central
2365,Volante defensivo
2366,Volante
2367,Delantero
2368,Lateral
2369,Defensor central
2370,Extremo
2371,Volante defensivo
2372,Volante
2373,Volante defensivo
2374,Defensor central
2375,Arquero
2376,Arquero
2377,Lateral
2378,Defensor central
2379,Defensor central
2380,Volante
2381,Arquero
2382,Volante
2383,Arquero
2384,Arquero
2385,Volante defensivo
2386,Arquero
2387,Volante defensivo
2388,Volante defensivo
2389,Volante defensivo
2390,Extremo
2391,Extremo
2392,Volante
2393,Volante
2394,Defensor central
2395,Volante
2396,Arquero
2397,Lateral
2398,Arquero
2399,Defensor central
2400,Lateral
2401,Volante
2402,Extremo
2403,Volante
2404,Extremo
2405,Arquero
2406,Defensor central
2407,Volante
2408,Defensor central
2409,Volante
2410,Delantero
2411,Volante
2412,Extremo
2413,Delantero
2414,Defensor central
2415,Volante
2416,Volante defensivo
2417,Defensor central
2418,Lateral
2419,Extremo
2420,Arquero
2421,Lateral
2422,Delantero
2423,Arquero
2424,Delantero
2425,Volante
2426,Defensor central
2427,Defensor central
2428,Extremo
2429,Volante
2430,Extremo
2431,Volante
2432,Lateral
2433,Arquero
2434,Volante
2435,Volante defensivo
2436,Defensor central
2437,Arquero
2438,Lateral
2439,Defensor central
2440,Volante
2441,Volante
2442,Lateral
2443,Volante
2444,Volante
2445,Volante defensivo
2446,Volante defensivo
2447,Delantero
2448,Delantero
2449,Lateral
2450,Volante defensivo
2451,Volante
2452,Lateral
2453,Volante defensivo
2454,Volante
2455,Lateral
2456,Volante defensivo
2457,Delantero
2458,Volante defensivo
2459,Defensor central
2460,Defensor central
2461,Defensor central
2462,Arquero
2463,Volante defensivo
2464,Extremo
2465,Volante defensivo
2466,Defensor central
2467,Volante defensivo
2468,Arquero
2469,Volante
2470,Defensor central
2471,Delantero
2472,Extremo
2473,Volante
2474,Defensor central
2475,Lateral
2476,Lateral
2477,Arquero
2478,Extremo
2479,Volante
2480,Volante
2481,Extremo
2482,Extremo
2483,Defensor central
2484,Defensor central
2485,Volante
2486,Volante defensivo
2487,Defensor central
2488,Delantero
2489,Volante defensivo
2490,Defensor central
2491,Volante defensivo
2492,Delantero
2493,Volante
2494,Arquero
2495,Volante defensivo
2496,Extremo
2497,Lateral
2498,Volante
2499,Volante defensivo
2500,Lateral
2501,Delantero
2502,Defensor central
2503,Lateral
2504,Volante defensivo
2505,Lateral
2506,Extremo
2507,Extremo
2508,Lateral
2509,Volante defensivo
2510,Delantero
2511,Extremo
2512,Volante
2513,Arquero
2514,Extremo
2515,Volante defensivo
2516,Volante defensivo
2517,Defensor central
2518,Defensor central
2519,Delantero
2520,Delantero
2521,Volante
2522,Arquero
2523,Defensor central
2524,Extremo
2525,Volante defensivo
2526,Volante defensivo
2527,Volante defensivo
2528,Extremo
2529,Arquero
2530,Lateral
2531,Lateral
2532,Lateral
2533,Delantero
2534,Defensor central
2535,Delantero
2536,Defensor central
2537,Extremo
2538,Delantero
2539,Delantero
2540,Lateral
2541,Lateral
2542,Lateral
2543,Lateral
2544,Arquero
2545,Volante defensivo
2546,Volante defensivo
2547,Arquero
2548,Delantero
2549,Defensor central
2550,Lateral
2551,Volante
2552,Delantero
2553,Volante
2554,Extremo
2555,Volante
2556,Extremo
2557,Defensor central
2558,Lateral
2559,Delantero
2560,Arquero
2561,Volante
2562,Delantero
2563,Volante
2564,Lateral
2565,Lateral
2566,Extremo
2567,Volante defensivo
2568,Defensor central
2569,Lateral
2570,Extremo
2571,Defensor central
2572,Volante defensivo
2573,Volante
2574,Arquero
2575,Lateral
2576,Lateral
2577,Delantero
2578,Lateral
2579,Defensor central
2580,Delantero
2581,Defensor central
2582,Lateral
2583,Delantero
2584,Lateral
2585,Defensor central
2586,Volante
2587,Defensor central
2588,Arquero
2589,Volante
2590,Volante defensivo
2591,Volante defensivo
2592,Extremo
2593,Lateral
2594,Volante defensivo
2595,Arquero
2596,Defensor central
2597,Volante
2598,Delantero
2599,Volante defensivo
2600,Lateral
2601,Volante
2602,Extremo
2603,Arquero
2604,Delantero
2605,Defensor central
2606,Extremo
2607,Delantero
2608,Extremo
2609,Defensor central
2610,Volante defensivo
2611,Volante
2612,Defensor central
2613,Defensor central
2614,Extremo
2615,Extremo
2616,Defensor central
2617,Volante defensivo
2618,Defensor central
2619,Volante
2620,Arquero
2621,Volante defensivo
2622,Lateral
2623,Delantero
2624,Volante
2625,Defensor central
2626,Extremo
2627,Volante defensivo
2628,Extremo
2629,Volante defensivo
2630,Arquero
2631,Arquero
2632,Volante defensivo
2633,Volante
2634,Arquero
2635,Arquero
2636,Lateral
2637,Delantero
2638,Arquero
2639,Volante
2640,Lateral
2641,Defensor central
2642,Volante
2643,Delantero
2644,Lateral
2645,Volante defensivo
2646,Extremo
2647,Defensor central
2648,Defensor central
2649,Volante
2650,Extremo
2651,Lateral
2652,Volante defensivo
2653,Delantero
2654,Delantero
2655,Delantero
2656,Volante
2657,Extremo
2658,Lateral
2659,Lateral
2660,Extremo
2661,Volante
2662,Extremo
2663,Extremo
2664,Lateral
2665,Defensor central
2666,Lateral
2667,Extremo
2668,Arquero
2669,Lateral
2670,Volante
2671,Delantero
2672,Lateral
2673,Lateral
2674,Arquero
2675,Lateral
2676,Defensor central
2677,Volante
2678,Lateral
2679,Lateral
2680,Lateral
2681,Extremo
2682,Arquero
2683,Volante defensivo
2684,Arquero
2685,Defensor central
2686,Delantero
2687,Volante defensivo
2688,Volante defensivo
2689,Defensor central
2690,Defensor central
2691,Volante defensivo
2692,Delantero
2693,Arquero
2694,Defensor central
2695,Defensor central
2696,Volante
2697,Volante defensivo
2698,Arquero
2699,Defensor central
2700,Extremo
2701,Defensor central
2702,Defensor central
2703,Volante defensivo
2704,Delantero
2705,Volante
2706,Volante defensivo
2707,Defensor central
2708,Delantero
2709,Volante defensivo
2710,Arquero
2711,Volante defensivo
2712,Arquero
2713,Delantero
2714,Arquero
2715,Volante
2716,Arquero
2717,Extremo
2718,Lateral
2719,Delantero
2720,Extremo
2721,Defensor central
2722,Extremo
2723,Extremo
2724,Volante defensivo
2725,Arquero
2726,Lateral
2727,Arquero
2728,Arquero
2729,Lateral
2730,Delantero
2731,Lateral
2732,Extremo
2733,Delantero
2734,Arquero
2735,Lateral
2736,Delantero
2737,Extremo
2738,Defensor central
2739,Volante defensivo
2740,Arquero
2741,Extremo
2742,Volante defensivo
2743,Arquero
2744,Lateral
2745,Extremo
2746,Delantero
2747,Volante defensivo
2748,Volante
2749,Extremo
2750,Lateral
2751,Lateral
2752,Defensor central
2753,Volante
2754,Extremo
2755,Volante
2756,Volante
2757,Lateral
2758,Extremo
2759,Defensor central
2760,Volante
2761,Volante
2762,Arquero
2763,Lateral
2764,Volante
2765,Volante defensivo
2766,Lateral
2767,Volante defensivo
2768,Volante
2769,Defensor central
2770,Arquero
2771,Defensor central
2772,Volante
2773,Lateral
2774,Delantero
2775,Arquero
2776,Arquero
2777,Arquero
2778,Lateral
2779,Lateral
2780,Delantero
2781,Arquero
2782,Volante defensivo
2783,Extremo
2784,Volante defensivo
2785,Volante defensivo
2786,Volante
2787,Arquero
2788,Defensor central
2789,Volante
2790,Defensor central
2791,Arquero
2792,Defensor central
2793,Delantero
2794,Arquero
2795,Delantero
2796,Extremo
2797,Arquero
2798,Arquero
2799,Extremo
2800,Extremo
2801,Defensor central
2802,Lateral
2803,Lateral
2804,Extremo
2805,Defensor central
2806,Arquero
2807,Volante
2808,Extremo
2809,Arquero
2810,Defensor central
2811,Volante
2812,Extremo
2813,Volante defensivo
2814,Volante defensivo
2815,Arquero
2816,Lateral
2817,Volante defensivo
2818,Delantero
2819,Volante
2820,Defensor central
2821,Delantero
2822,Lateral
2823,Delantero
2824,Extremo
2825,Lateral
2826,Arquero
2827,Arquero
2828,Lateral
2829,Defensor central
2830,Defensor central
2831,Delantero
2832,Volante defensivo
2833,Extremo
2834,Extremo
2835,Extremo
2836,Arquero
2837,Volante
2838,Volante defensivo
2839,Delantero
2840,Volante defensivo
2841,Defensor central
2842,Delantero
2843,Lateral
2844,Volante
2845,Defensor central
2846,Extremo
2847,Extremo
2848,Extremo
2849,Delantero
2850,Extremo
2851,Lateral
2852,Volante
2853,Defensor central
2854,Arquero
2855,Defensor central
2856,Volante
2857,Arquero
2858,Volante defensivo
2859,Defensor central
2860,Extremo
2861,Arquero
2862,Volante
2863,Delantero
2864,Arquero
2865,Extremo
2866,Lateral
2867,Volante
2868,Defensor central
2869,Volante
2870,Volante
2871,Delantero
2872,Extremo
2873,Delantero
2874,Delantero
2875,Defensor central
2876,Arquero
2877,Delantero
2878,Volante defensivo
2879,Defensor central
2880,Arquero
2881,Extremo
2882,Defensor central
2883,Volante defensivo
2884,Arquero
2885,Delantero
2886,Lateral
2887,Arquero
2888,Defensor central
2889,Volante
2890,Volante defensivo
2891,Volante
2892,Defensor central
2893,Lateral
2894,Defensor central
2895,Volante
2896,Arquero
2897,Lateral
2898,Defensor central
2899,Volante defensivo
2900,Defensor central
2901,Extremo
2902,Delantero
2903,Defensor central
2904,Volante defensivo
2905,Volante defensivo
2906,Volante
2907,Arquero
2908,Arquero
2909,Lateral
2910,Arquero
2911,Delantero
2912,Lateral
2913,Arquero
2914,Extremo
2915,Defensor central
2916,Extremo
2917,Arquero
2918,Defensor central
2919,Extremo
2920,Volante
2921,Volante
2922,Arquero
2923,Volante defensivo
2924,Lateral
2925,Delantero
2926,Defensor central
2927,Volante defensivo
2928,Extremo
2929,Defensor central
2930,Lateral
2931,Lateral
2932,Volante defensivo
2933,Delantero
2934,Lateral
2935,Arquero
2936,Extremo
2937,Extremo
2938,Volante
2939,Volante
2940,Volante
2941,Extremo
2942,Arquero
2943,Volante defensivo
2944,Extremo
2945,Extremo
2946,Extremo
2947,Lateral
2948,Volante defensivo
2949,Extremo
2950,Delantero
2951,Lateral
2952,Volante defensivo
2953,Arquero
2954,Arquero
2955,Volante
2956,Arquero
2957,Extremo
2958,Delantero
2959,Lateral
2960,Volante
2961,Lateral
2962,Delantero
2963,Volante
2964,Lateral
2965,Volante defensivo
2966,Volante
2967,Extremo
2968,Volante
2969,Delantero
2970,Delantero
2971,Lateral
2972,Lateral
2973,Arquero
2974,Lateral
2975,Lateral
2976,Lateral
2977,Defensor central
2978,Delantero
2979,Extremo
2980,Extremo
2981,Extremo
2982,Extremo
2983,Lateral
2984,Defensor central
2985,Volante
2986,Volante
2987,Volante defensivo
2988,Extremo
2989,Volante
2990,Volante defensivo
2991,Arquero
2992,Delantero
2993,Extremo
2994,Extremo
2995,Arquero
2996,Defensor central
2997,Defensor central
2998,Extremo
2999,Extremo
3000,Lateral
3001,Arquero
3002,Lateral
3003,Volante
3004,Volante
3005,Lateral
3006,Lateral
3007,Lateral
3008,Volante defensivo
3009,Lateral
3010,Defensor central
3011,Volante defensivo
3012,Arquero
3013,Volante defensivo
3014,Arquero
3015,Arquero
3016,Volante defensivo
3017,Arquero
3018,Defensor central
3019,Extremo
3020,Volante defensivo
3021,Volante defensivo
3022,Delantero
3023,Defensor central
3024,Defensor central
3025,Extremo
3026,Defensor central
3027,Volante
3028,Defensor central
3029,Defensor central
3030,Delantero
3031,Arquero
3032,Delantero
3033,Volante
3034,Volante defensivo
3035,Delantero
3036,Volante
3037,Delantero
3038,Delantero
3039,Volante defensivo
3040,Extremo
3041,Volante
3042,Extremo
3043,Delantero
3044,Defensor central
3045,Lateral
3046,Defensor central
3047,Volante
3048,Delantero
3049,Volante defensivo
3050,Extremo
3051,Lateral
3052,Arquero
3053,Volante
3054,Volante defensivo
3055,Volante
3056,Volante defensivo
3057,Volante defensivo
3058,Volante defensivo
3059,Volante
3060,Extremo
3061,Extremo
3062,Delantero
3063,Volante
3064,Volante
3065,Defensor central
3066,Lateral
3067,Arquero
3068,Volante defensivo
3069,Arquero
3070,Lateral
3071,Volante defensivo
3072,Defensor central
3073,Delantero
3074,Arquero
3075,Extremo
3076,Arquero
3077,Volante defensivo
3078,Extremo
3079,Delantero
3080,Volante
3081,Extremo
3082,Volante defensivo
3083,Volante defensivo
3084,Extremo
3085,Volante defensivo
3086,Arquero
3087,Extremo
3088,Arquero
3089,Lateral
3090,Volante defensivo
3091,Extremo
3092,Lateral
3093,Volante
3094,Lateral
3095,Lateral
3096,Delantero
3097,Defensor central
3098,Arquero
3099,Volante
3100,Extremo
3101,Volante defensivo
3102,Defensor central
3103,Defensor central
3104,Volante defensivo
3105,Defensor central
3106,Extremo
3107,Delantero
3108,Lateral
3109,Delantero
3110,Defensor central
3111,Defensor central
3112,Defensor central
3113,Volante defensivo
3114,Arquero
3115,Delantero
3116,Defensor central
3117,Volante
3118,Volante defensivo
3119,Arquero
3120,Extremo
3121,Extremo
3122,Volante
3123,Delantero
3124,Defensor central
3125,Lateral
3126,Arquero
3127,Defensor central
3128,Lateral
3129,Delantero
3130,Lateral
3131,Extremo
3132,Volante
3133,Arquero
3134,Delantero
3135,Extremo
3136,Delantero
3137,Arquero
3138,Volante defensivo
3139,Extremo
3140,Extremo
3141,Delantero
3142,Volante
3143,Volante defensivo
3144,Lateral
3145,Defensor central
3146,Defensor central
3147,Volante defensivo
3148,Extremo
3149,Arquero
3150,Lateral
3151,Volante defensivo
3152,Defensor central
3153,Lateral
3154,Lateral
3155,Delantero
3156,Arquero
3157,Lateral
3158,Defensor central
3159,Extremo
3160,Lateral
3161,Volante defensivo
3162,Defensor central
3163,Extremo
3164,Defensor central
3165,Delantero
3166,Lateral
3167,Lateral
3168,Delantero
3169,Volante defensivo
3170,Volante defensivo
3171,Extremo
3172,Delantero
3173,Volante defensivo
3174,Volante defensivo
3175,Extremo
3176,Volante defensivo
3177,Volante
3178,Extremo
3179,Extremo
3180,Delantero
3181,Lateral
3182,Defensor central
3183,Defensor central
3184,Delantero
3185,Volante
3186,Volante defensivo
3187,Lateral
3188,Arquero
3189,Lateral
3190,Delantero
3191,Delantero
3192,Lateral
3193,Delantero
3194,Volante defensivo
3195,Lateral
3196,Delantero
3197,Lateral
3198,Arquero
3199,Volante
3200,Arquero
3201,Defensor central
3202,Lateral
3203,Delantero
3204,Arquero
3205,Lateral
3206,Delantero
3207,Volante defensivo
3208,Arquero
3209,Defensor central
3210,Extremo
3211,Defensor central
3212,Lateral
3213,Defensor central
3214,Volante
3215,Arquero
3216,Extremo
3217,Arquero
3218,Arquero
3219,Lateral
3220,Lateral
3221,Defensor central
3222,Delantero
3223,Arquero
3224,Delantero
3225,Volante defensivo
3226,Volante
3227,Volante defensivo
3228,Volante defensivo
3229,Volante
3230,Lateral
3231,Volante defensivo
3232,Delantero
3233,Lateral
3234,Arquero
3235,Lateral
3236,Volante
3237,Lateral
3238,Lateral
3239,Arquero
3240,Volante
3241,Volante
3242,Volante
3243,Defensor central
3244,Arquero
3245,Extremo
3246,Lateral
3247,Volante defensivo
3248,Extremo
3249,Defensor central
3250,Defensor central
3251,Lateral
3252,Arquero
3253,Defensor central
3254,Arquero
3255,Lateral
3256,Volante defensivo
3257,Lateral
3258,Defensor central
3259,Extremo
3260,Extremo
3261,Extremo
3262,Extremo
3263,Volante defensivo
3264,Arquero
3265,Defensor central
3266,Delantero
3267,Arquero
3268,Volante
3269,Lateral
3270,Defensor central
3271,Defensor central
3272,Volante defensivo
3273,Extremo
3274,Delantero
3275,Extremo
3276,Delantero
3277,Extremo
3278,Delantero
3279,Volante
3280,Volante defensivo
3281,Volante defensivo
3282,Delantero
3283,Arquero
3284,Lateral
3285,Delantero
3286,Lateral
3287,Defensor central
3288,Lateral
3289,Arquero
3290,Extremo
3291,Arquero
3292,Extremo
3293,Defensor central
3294,Defensor central
3295,Lateral
3296,Delantero
3297,Lateral
3298,Volante defensivo
3299,Extremo
3300,Lateral
3301,Lateral
3302,Lateral
3303,Volante defensivo
3304,Defensor central
3305,Delantero
3306,Delantero
3307,Extremo
3308,Extremo
3309,Volante defensivo
3310,Volante defensivo
3311,Arquero
3312,Volante defensivo
3313,Arquero
3314,Lateral
3315,Arquero
3316,Volante
3317,Arquero
3318,Defensor central
3319,Lateral
3320,Lateral
3321,Volante
3322,Arquero
3323,Defensor central
3324,Lateral
3325,Arquero
3326,Delantero
3327,Volante
3328,Volante
3329,Lateral
3330,Extremo
3331,Defensor central
3332,Arquero
3333,Volante defensivo
3334,Arquero
3335,Delantero
3336,Volante
3337,Volante defensivo
3338,Volante defensivo
3339,Arquero
3340,Defensor central
3341,Volante defensivo
3342,Arquero
3343,Volante defensivo
3344,Volante defensivo
3345,Volante defensivo
3346,Volante
3347,Defensor central
3348,Defensor central
3349,Delantero
3350,Extremo
3351,Volante
3352,Volante defensivo
3353,Volante defensivo
3354,Extremo
3355,Extremo
3356,Volante defensivo
3357,Volante defensivo
3358,Delantero
3359,Defensor central
3360,Arquero
3361,Volante defensivo
3362,Volante
3363,Volante defensivo
3364,Lateral
3365,Extremo
3366,Delantero
3367,Delantero
3368,Defensor central
3369,Lateral
3370,Extremo
3371,Arquero
3372,Extremo
3373,Defensor central
3374,Arquero
3375,Lateral
3376,Volante defensivo
3377,Lateral
3378,Arquero
3379,Extremo
3380,Delantero
3381,Lateral
3382,Defensor central
3383,Delantero
3384,Delantero
3385,Volante
3386,Delantero
3387,Delantero
3388,Defensor central
3389,Arquero
3390,Delantero
3391,Volante
3392,Delantero
3393,Defensor central
3394,Volante
3395,Arquero
3396,Delantero
3397,Delantero
3398,Volante defensivo
3399,Delantero
3400,Arquero
3401,Delantero
3402,Volante defensivo
3403,Volante
3404,Volante
3405,Defensor central
3406,Volante defensivo
3407,Delantero
3408,Extremo
3409,Volante defensivo
3410,Delantero
3411,Defensor central
3412,Volante defensivo
3413,Volante defensivo
3414,Extremo
3415,Delantero
3416,Lateral
3417,Delantero
3418,Lateral
3419,Extremo
3420,Lateral
3421,Lateral
3422,Delantero
3423,Lateral
3424,Delantero
3425,Volante
3426,Lateral
3427,Extremo
3428,Delantero
3429,Lateral
3430,Extremo
3431,Volante
3432,Extremo
3433,Arquero
3434,Delantero
3435,Volante defensivo
3436,Lateral
3437,Extremo
3438,Lateral
3439,Extremo
3440,Defensor central
3441,Volante
3442,Volante defensivo
3443,Volante
3444,Defensor central
3445,Defensor central
3446,Lateral
3447,Arquero
3448,Extremo
3449,Extremo
3450,Extremo
3451,Extremo
3452,Lateral
3453,Volante defensivo
3454,Volante
3455,Lateral
3456,Arquero
3457,Volante defensivo
3458,Volante defensivo
3459,Arquero
3460,Lateral
3461,Delantero
3462,Extremo
3463,Volante
3464,Volante
3465,Volante defensivo
3466,Arquero
3467,Arquero
3468,Arquero
3469,Extremo
3470,Extremo
3471,Delantero
3472,Lateral
3473,Arquero
3474,Lateral
3475,Volante
3476,Volante defensivo
3477,Volante
3478,Arquero
3479,Volante defensivo
3480,Extremo
3481,Volante defensivo
3482,Defensor central
3483,Volante
3484,Defensor central
3485,Defensor central
3486,Defensor central
3487,Arquero
3488,Arquero
3489,Volante defensivo
3490,Volante
3491,Defensor central
3492,Extremo
3493,Delantero
3494,Lateral
3495,Arquero
3496,Defensor central
3497,Volante
3498,Volante defensivo
3499,Arquero
3500,Delantero
3501,Defensor central
3502,Defensor central
3503,Arquero
3504,Lateral
3505,Volante
3506,Arquero
3507,Delantero
3508,Lateral
3509,Volante
3510,Arquero
3511,Extremo
3512,Defensor central
3513,Defensor central
3514,Volante defensivo
3515,Delantero
3516,Defensor central
3517,Extremo
3518,Delantero
3519,Lateral
3520,Extremo
3521,Delantero
3522,Volante defensivo
3523,Lateral
3524,Defensor central
3525,Volante
3526,Lateral
3527,Defensor central
3528,Delantero
3529,Extremo
3530,Extremo
3531,Delantero
3532,Defensor central
3533,Volante defensivo
3534,Delantero
3535,Extremo
3536,Volante
3537,Extremo
3538,Lateral
3539,Arquero
3540,Arquero
3541,Extremo
3542,Delantero
3543,Defensor central
3544,Lateral
3545,Volante defensivo
3546,Extremo
3547,Extremo
3548,Defensor central
3549,Lateral
3550,Lateral
3551,Extremo
3552,Volante
3553,Volante
3554,Delantero
3555,Lateral
3556,Lateral
3557,Lateral
3558,Volante
3559,Arquero
3560,Volante defensivo
3561,Extremo
3562,Defensor central
3563,Volante defensivo
3564,Lateral
3565,Delantero
3566,Defensor central
3567,Volante
3568,Volante
3569,Lateral
3570,Extremo
3571,Defensor central
3572,Arquero
3573,Delantero
3574,Lateral
3575,Arquero
3576,Arquero
3577,Delantero
3578,Delantero
3579,Defensor central
3580,Defensor central
3581,Extremo
3582,Arquero
3583,Delantero
3584,Delantero
3585,Lateral
3586,Arquero
3587,Defensor central
3588,Defensor central
3589,Lateral
3590,Volante defensivo
3591,Volante defensivo
3592,Volante
3593,Volante
3594,Volante
3595,Delantero
3596,Lateral
3597,Volante
3598,Volante
3599,Arquero
3600,Defensor central
3601,Lateral
3602,Arquero
3603,Delantero
3604,Extremo
3605,Volante
3606,Volante defensivo
3607,Extremo
3608,Volante
3609,Lateral
3610,Arquero
3611,Defensor central
3612,Volante defensivo
3613,Volante
3614,Volante
3615,Delantero
3616,Lateral
3617,Volante defensivo
3618,Volante defensivo
3619,Lateral
3620,Delantero
3621,Extremo
3622,Arquero
3623,Extremo
3624,Lateral
3625,Delantero
3626,Extremo
3627,Extremo
3628,Arquero
3629,Lateral
3630,Volante
3631,Volante
3632,Arquero
3633,Volante
3634,Volante defensivo
3635,Delantero
3636,Extremo
3637,Arquero
3638,Delantero
3639,Volante defensivo
3640,Delantero
3641,Delantero
3642,Delantero
3643,Arquero
3644,Volante
3645,Volante defensivo
3646,Arquero
3647,Arquero
3648,Extremo
3649,Delantero
3650,Arquero
3651,Delantero
3652,Arquero
3653,Arquero
3654,Defensor central
3655,Volante defensivo
3656,Delantero
3657,Defensor central
3658,Delantero
3659,Arquero
3660,Extremo
3661,Arquero
3662,Volante defensivo
3663,Arquero
3664,Lateral
3665,Volante
3666,Extremo
3667,Extremo
3668,Volante
3669,Volante
3670,Volante defensivo
3671,Extremo
3672,Lateral
3673,Volante
3674,Delantero
3675,Delantero
3676,Volante defensivo
3677,Extremo
3678,Volante
3679,Defensor central
3680,Arquero
3681,Volante
3682,Volante defensivo
3683,Defensor central
3684,Extremo
3685,Volante defensivo
3686,Lateral
3687,Arquero
3688,Delantero
3689,Lateral
3690,Defensor central
3691,Volante
3692,Volante
3693,Volante
3694,Lateral
3695,Volante defensivo
3696,Lateral
3697,Volante
3698,Extremo
3699,Volante defensivo
3700,Extremo
3701,Lateral
3702,Extremo
3703,Arquero
3704,Volante defensivo
3705,Volante
3706,Volante defensivo
3707,Volante
3708,Arquero
3709,Defensor central
3710,Lateral
3711,Lateral
3712,Volante defensivo
3713,Volante defensivo
3714,Extremo
3715,Delantero
3716,Arquero
3717,Volante
3718,Delantero
3719,Lateral
3720,Extremo
3721,Defensor central
3722,Extremo
3723,Volante defensivo
3724,Volante defensivo
3725,Extremo
3726,Delantero
3727,Volante
3728,Arquero
3729,Volante
3730,Arquero
3731,Volante defensivo
3732,Defensor central
3733,Extremo
3734,Delantero
3735,Extremo
3736,Arquero
3737,Volante defensivo
3738,Defensor central
3739,Volante
3740,Defensor central
3741,Defensor central
3742,Volante
3743,Volante defensivo
3744,Volante defensivo
3745,Delantero
3746,Volante
3747,Volante
3748,Volante
3749,Volante
3750,Extremo
3751,Lateral
3752,Volante defensivo
3753,Volante
3754,Delantero
3755,Extremo
3756,Arquero
3757,Delantero
3758,Defensor central
3759,Volante
3760,Defensor central
3761,Defensor central
3762,Lateral
3763,Arquero
3764,Extremo
3765,Volante
3766,Volante
3767,Delantero
3768,Defensor central
3769,Defensor central
3770,Arquero
3771,Volante
3772,Volante
3773,Defensor central
3774,Lateral
3775,Arquero
3776,Volante defensivo
3777,Delantero
3778,Extremo
3779,Defensor central
3780,Extremo
3781,Arquero
3782,Arquero
3783,Defensor central
3784,Volante
3785,Volante defensivo
3786,Arquero
3787,Volante
3788,Volante
3789,Extremo
3790,Volante
3791,Delantero
3792,Extremo
3793,Arquero
3794,Extremo
3795,Arquero
3796,Lateral
3797,Lateral
3798,Defensor central
3799,Volante
3800,Extremo
3801,Arquero
3802,Delantero
3803,Delantero
3804,Volante defensivo
3805,Defensor central
3806,Extremo
3807,Extremo
3808,Lateral
3809,Volante
3810,Delantero
3811,Arquero
3812,Volante defensivo
3813,Volante
3814,Delantero
3815,Lateral
3816,Arquero
3817,Arquero
3818,Volante
3819,Extremo
3820,Extremo
3821,Arquero
3822,Lateral
3823,Defensor central
3824,Defensor central
3825,Delantero
3826,Delantero
3827,Defensor central
3828,Delantero
3829,Volante
3830,Delantero
3831,Lateral
3832,Lateral
3833,Volante defensivo
3834,Volante defensivo
3835,Volante defensivo
3836,Volante defensivo
3837,Defensor central
3838,Extremo
3839,Extremo
3840,Volante defensivo
3841,Defensor central
3842,Volante
3843,Volante defensivo
3844,Lateral
3845,Volante
3846,Defensor central
3847,Arquero
3848,Delantero
3849,Volante defensivo
3850,Arquero
3851,Volante
3852,Lateral
3853,Arquero
3854,Delantero
3855,Lateral
3856,Delantero
3857,Extremo
3858,Extremo
3859,Volante
3860,Arquero
3861,Delantero
3862,Arquero
3863,Volante defensivo
3864,Defensor central
3865,Lateral
3866,Lateral
3867,Delantero
3868,Extremo
3869,Volante defensivo
3870,Extremo
3871,Volante
3872,Volante
3873,Delantero
3874,Volante defensivo
3875,Arquero
3876,Lateral
3877,Extremo
3878,Delantero
3879,Defensor central
3880,Extremo
3881,Lateral
3882,Extremo
3883,Arquero
3884,Delantero
3885,Defensor central
3886,Volante
3887,Volante defensivo
3888,Volante
3889,Extremo
3890,Extremo
3891,Arquero
3892,Volante
3893,Lateral
3894,Delantero
3895,Arquero
3896,Delantero
3897,Delantero
3898,Extremo
3899,Delantero
3900,Extremo
3901,Delantero
3902,Volante defensivo
3903,Volante defensivo
3904,Delantero
3905,Volante defensivo
3906,Delantero
3907,Volante
3908,Extremo
3909,Extremo
3910,Lateral
3911,Delantero
3912,Defensor central
3913,Arquero
3914,Defensor central
3915,Extremo
3916,Defensor central
3917,Lateral
3918,Lateral
3919,Volante defensivo
3920,Arquero
3921,Lateral
3922,Arquero
3923,Arquero
3924,Extremo
3925,Delantero
3926,Extremo
3927,Lateral
3928,Arquero
3929,Extremo
3930,Extremo
3931,Arquero
3932,Volante
3933,Volante
3934,Arquero
3935,Extremo
3936,Defensor central
3937,Lateral
3938,Defensor central
3939,Volante defensivo
3940,Delantero
3941,Volante
3942,Lateral
3943,Volante
3944,Lateral
3945,Defensor central
3946,Volante defensivo
3947,Volante
3948,Lateral
3949,Arquero
3950,Extremo
3951,Volante defensivo
3952,Volante defensivo
3953,Lateral
3954,Volante defensivo
3955,Delantero
3956,Arquero
3957,Volante
3958,Arquero
3959,Volante defensivo
3960,Extremo
3961,Extremo
3962,Volante
3963,Lateral
3964,Volante
3965,Delantero
3966,Lateral
3967,Defensor central
3968,Defensor central
3969,Defensor central
3970,Arquero
3971,Volante
3972,Lateral
3973,Volante
3974,Extremo
3975,Arquero
3976,Volante defensivo
3977,Delantero
3978,Arquero
3979,Volante defensivo
3980,Lateral
3981,Lateral
3982,Volante
3983,Arquero
3984,Volante
3985,Delantero
3986,Volante defensivo
3987,Arquero
3988,Arquero
3989,Volante defensivo
3990,Volante defensivo
3991,Extremo
3992,Volante defensivo
3993,Volante defensivo
3994,Defensor central
3995,Extremo
3996,Arquero
3997,Lateral
3998,Volante
3999,Lateral
4000,Volante
4001,Extremo
4002,Volante
4003,Arquero
4004,Lateral
4005,Lateral
4006,Extremo
4007,Volante
4008,Volante
4009,Volante defensivo
4010,Lateral
4011,Defensor central
4012,Lateral
4013,Delantero
4014,Volante
4015,Delantero
4016,Defensor central
4017,Volante defensivo
4018,Defensor central
4019,Volante defensivo
4020,Defensor central
4021,Lateral
4022,Delantero
4023,Volante defensivo
4024,Arquero
4025,Volante defensivo
4026,Lateral
4027,Defensor central
4028,Delantero
4029,Delantero
4030,Extremo
4031,Volante
4032,Volante defensivo
4033,Volante defensivo
4034,Defensor central
4035,Volante defensivo
4036,Arquero
4037,Defensor central
4038,Arquero
4039,Delantero
4040,Delantero
4041,Delantero
4042,Volante defensivo
4043,Defensor central
4044,Defensor central
4045,Defensor central
4046,Delantero
4047,Arquero
4048,Volante defensivo
4049,Arquero
4050,Arquero
4051,Volante
4052,Arquero
4053,Volante defensivo
4054,Lateral
4055,Arquero
4056,Volante
4057,Extremo
4058,Extremo
4059,Extremo
4060,Delantero
4061,Defensor central
4062,Lateral
4063,Defensor central
4064,Arquero
4065,Defensor central
4066,Volante
4067,Arquero
4068,Defensor central
4069,Defensor central
4070,Volante
4071,Volante
4072,Delantero
4073,Delantero
4074,Extremo
4075,Delantero
4076,Arquero
4077,Lateral
4078,Arquero
4079,Volante defensivo
4080,Defensor central
4081,Arquero
4082,Lateral
4083,Defensor central
4084,Volante
4085,Volante
4086,Volante
4087,Delantero
4088,Defensor central
4089,Lateral
4090,Defensor central
4091,Lateral
4092,Lateral
4093,Defensor central
4094,Extremo
4095,Lateral
4096,Delantero
4097,Volante defensivo
4098,Arquero
4099,Volante
4100,Volante defensivo
4101,Defensor central
4102,Volante
4103,Arquero
4104,Volante
4105,Arquero
4106,Defensor central
4107,Delantero
4108,Arquero
4109,Volante
4110,Defensor central
4111,Volante defensivo
4112,Defensor central
4113,Lateral
4114,Delantero
4115,Volante
4116,Arquero
4117,Volante
4118,Extremo
4119,Volante defensivo
4120,Lateral
4121,Lateral
4122,Delantero
4123,Defensor central
4124,Defensor central
4125,Volante
4126,Extremo
4127,Delantero
4128,Volante defensivo
4129,Lateral
4130,Arquero
4131,Volante defensivo
4132,Lateral
4133,Lateral
4134,Delantero
4135,Delantero
4136,Arquero
4137,Defensor central
4138,Defensor central
4139,Volante defensivo
4140,Arquero
4141,Volante
4142,Arquero
4143,Extremo
4144,Volante defensivo
4145,Arquero
4146,Arquero
4147,Volante defensivo
4148,Extremo
4149,Volante defensivo
4150,Delantero
4151,Lateral
4152,Extremo
4153,Arquero
4154,Defensor central
4155,Delantero
4156,Volante
4157,Arquero
4158,Defensor central
4159,Volante defensivo
4160,Delantero
4161,Defensor central
4162,Arquero
4163,Volante
4164,Delantero
4165,Arquero
4166,Defensor central
4167,Arquero
4168,Volante defensivo
4169,Lateral
4170,Lateral
4171,Volante defensivo
4172,Extremo
4173,Volante
4174,Defensor central
4175,Volante defensivo
4176,Extremo
4177,Volante
4178,Defensor central
4179,Defensor central
4180,Delantero
4181,Defensor central
4182,Extremo
4183,Volante
4184,Defensor central
4185,Volante defensivo
4186,Volante defensivo
4187,Defensor central
4188,Defensor central
4189,Delantero
4190,Extremo
4191,Extremo
4192,Volante defensivo
4193,Volante defensivo
4194,Volante
4195,Volante defensivo
4196,Volante defensivo
4197,Extremo
4198,Defensor central
4199,Volante defensivo
4200,Defensor central
4201,Delantero
4202,Defensor central
4203,Lateral
4204,Defensor central
4205,Volante defensivo
4206,Volante defensivo
4207,Defensor central
4208,Lateral
4209,Defensor central
4210,Volante
4211,Defensor central
4212,Extremo
4213,Extremo
4214,Lateral
4215,Defensor central
4216,Volante
4217,Volante defensivo
4218,Defensor central
4219,Lateral
4220,Lateral
4221,Arquero
4222,Defensor central
4223,Arquero
4224,Defensor central
4225,Volante defensivo
4226,Lateral
4227,Arquero
4228,Arquero
4229,Volante
4230,Volante
4231,Lateral
4232,Delantero
4233,Delantero
4234,Lateral
4235,Defensor central
4236,Volante
4237,Volante
4238,Extremo
4239,Arquero
4240,Extremo
4241,Volante
4242,Arquero
4243,Defensor central
4244,Extremo
4245,Extremo
4246,Volante defensivo
4247,Volante
4248,Volante defensivo
4249,Volante defensivo
4250,Lateral
4251,Lateral
4252,Delantero
4253,Arquero
4254,Arquero
4255,Lateral
4256,Extremo
4257,Delantero
4258,Volante defensivo
4259,Volante
4260,Volante
4261,Extremo
4262,Volante defensivo
4263,Volante defensivo
4264,Lateral
4265,Volante
4266,Extremo
4267,Volante defensivo
4268,Arquero
4269,Lateral
4270,Delantero
4271,Extremo
4272,Delantero
4273,Volante
4274,Volante defensivo
4275,Delantero
4276,Arquero
4277,Volante defensivo
4278,Delantero
4279,Delantero
4280,Arquero
4281,Volante defensivo
4282,Delantero
4283,Volante
4284,Defensor central
4285,Delantero
4286,Delantero
4287,Extremo
4288,Volante
4289,Lateral
4290,Defensor central
4291,Extremo
4292,Extremo
4293,Delantero
4294,Volante
4295,Volante
4296,Defensor central
4297,Arquero
4298,Arquero
4299,Delantero
4300,Arquero
4301,Delantero
4302,Delantero
4303,Arquero
4304,Defensor central
4305,Extremo
4306,Volante
4307,Arquero
4308,Volante
4309,Volante
4310,Extremo
4311,Lateral
4312,Volante defensivo
4313,Arquero
4314,Delantero
4315,Defensor central
4316,Extremo
4317,Extremo
4318,Volante defensivo
4319,Defensor central
4320,Volante defensivo
4321,Volante defensivo
4322,Delantero
4323,Lateral
4324,Delantero
4325,Extremo
4326,Extremo
4327,Lateral
4328,Volante
4329,Delantero
4330,Extremo
4331,Delantero
4332,Volante
4333,Volante
4334,Arquero
4335,Delantero
4336,Delantero
4337,Lateral
4338,Lateral
4339,Lateral
4340,Delantero
4341,Arquero
4342,Extremo
4343,Defensor central
4344,Volante
4345,Defensor central
4346,Volante defensivo
4347,Arquero
4348,Volante defensivo
4349,Defensor central
4350,Delantero
4351,Arquero
4352,Lateral
4353,Lateral
4354,Extremo
4355,Lateral
4356,Delantero
4357,Lateral
4358,Delantero
4359,Lateral
4360,Defensor central
4361,Volante
4362,Volante defensivo
4363,Extremo
4364,Delantero
4365,Volante defensivo
4366,Extremo
4367,Arquero
4368,Lateral
4369,Defensor central
4370,Defensor central
4371,Defensor central
4372,Defensor central
4373,Volante
4374,Delantero
4375,Arquero
4376,Lateral
4377,Delantero
4378,Extremo
4379,Extremo
4380,Defensor central
4381,Extremo
4382,Extremo
4383,Volante defensivo
4384,Lateral
4385,Volante defensivo
4386,Defensor central
4387,Defensor central
4388,Defensor central
4389,Extremo
4390,Volante
4391,Arquero
4392,Defensor central
4393,Arquero
4394,Volante defensivo
4395,Lateral
4396,Defensor central
4397,Defensor central
4398,Extremo
4399,Defensor central
4400,Volante defensivo
4401,Volante defensivo
4402,Arquero
4403,Defensor central
4404,Arquero
4405,Extremo
4406,Volante
4407,Lateral
4408,Defensor central
4409,Lateral
4410,Arquero
4411,Volante defensivo
4412,Volante defensivo
4413,Volante
4414,Extremo
4415,Lateral
4416,Volante defensivo
4417,Defensor central
4418,Delantero
4419,Volante
4420,Volante
4421,Volante
4422,Volante
4423,Volante defensivo
4424,Lateral
4425,Volante
4426,Extremo
4427,Arquero
4428,Volante defensivo
4429,Delantero
4430,Arquero
4431,Defensor central
4432,Arquero
4433,Volante
4434,Lateral
4435,Delantero
4436,Lateral
4437,Defensor central
4438,Volante
4439,Defensor central
4440,Volante
4441,Volante defensivo
4442,Defensor central
4443,Defensor central
4444,Defensor central
4445,Arquero
4446,Defensor central
4447,Extremo
4448,Delantero
4449,Defensor central
4450,Defensor central
4451,Volante
4452,Lateral
4453,Defensor central
4454,Volante defensivo
4455,Volante defensivo
4456,Delantero
4457,Volante
4458,Delantero
4459,Delantero
4460,Defensor central
4461,Volante
4462,Extremo
4463,Defensor central
4464,Defensor central
4465,Volante defensivo
4466,Lateral
4467,Volante
4468,Arquero
4469,Volante
4470,Extremo
4471,Arquero
4472,Defensor central
4473,Volante
4474,Volante defensivo
4475,Lateral
4476,Volante
4477,Arquero
4478,Volante
4479,Volante defensivo
4480,Delantero
4481,Lateral
4482,Delantero
4483,Defensor central
4484,Extremo
4485,Arquero
4486,Volante
4487,Arquero
4488,Extremo
4489,Defensor central
4490,Volante defensivo
4491,Lateral
4492,Lateral
4493,Extremo
4494,Arquero
4495,Lateral
4496,Volante
4497,Lateral
4498,Lateral
4499,Lateral
4500,Extremo
4501,Defensor central
4502,Arquero
4503,Volante
4504,Arquero
4505,Extremo
4506,Delantero
4507,Extremo
4508,Defensor central
4509,Extremo
4510,Volante defensivo
4511,Lateral
4512,Volante defensivo
4513,Volante defensivo
4514,Defensor central
4515,Extremo
4516,Defensor central
4517,Arquero
4518,Defensor central
4519,Volante
4520,Extremo
4521,Delantero
4522,Volante defensivo
4523,Defensor central
4524,Extremo
4525,Lateral
4526,Arquero
4527,Delantero
4528,Volante defensivo
4529,Arquero
4530,Arquero
4531,Volante
4532,Volante defensivo
4533,Volante
4534,Delantero
4535,Extremo
4536,Arquero
4537,Defensor central
4538,Lateral
4539,Defensor central
4540,Arquero
4541,Arquero
4542,Delantero
4543,Delantero
4544,Delantero
4545,Defensor central
4546,Extremo
4547,Delantero
4548,Delantero
4549,Volante
4550,Volante defensivo
4551,Delantero
4552,Lateral
4553,Lateral
4554,Arquero
4555,Arquero
4556,Extremo
4557,Volante
4558,Volante
4559,Volante
4560,Extremo
4561,Volante
4562,Defensor central
4563,Arquero
4564,Volante defensivo
4565,Volante defensivo
4566,Delantero
4567,Delantero
4568,Delantero
4569,Volante defensivo
4570,Lateral
4571,Arquero
4572,Volante defensivo
4573,Volante defensivo
4574,Arquero
4575,Defensor central
4576,Lateral
4577,Volante
4578,Arquero
4579,Arquero
4580,Lateral
4581,Volante defensivo
4582,Volante
4583,Volante
4584,Volante defensivo
4585,Volante
4586,Arquero
4587,Delantero
4588,Volante
4589,Defensor central
4590,Delantero
4591,Defensor central
4592,Defensor central
4593,Volante defensivo
4594,Lateral
4595,Volante defensivo
4596,Volante defensivo
4597,Delantero
4598,Extremo
4599,Lateral
4600,Extremo
4601,Volante defensivo
4602,Lateral
4603,Defensor central
4604,Extremo
4605,Delantero
4606,Volante
4607,Arquero
4608,Lateral
4609,Defensor central
4610,Extremo
4611,Volante
4612,Delantero
4613,Defensor central
4614,Defensor central
4615,Extremo
4616,Extremo
4617,Lateral
4618,Delantero
4619,Defensor central
4620,Defensor central
4621,Arquero
4622,Arquero
4623,Lateral
4624,Volante
4625,Arquero
4626,Extremo
4627,Volante defensivo
4628,Volante
4629,Lateral
4630,Volante
4631,Lateral
4632,Volante defensivo
4633,Delantero
4634,Volante defensivo
4635,Lateral
4636,Volante defensivo
4637,Arquero
4638,Defensor central
4639,Arquero
4640,Volante
4641,Extremo
4642,Delantero
4643,Volante defensivo
4644,Volante
4645,Volante defensivo
4646,Delantero
4647,Volante defensivo
4648,Volante
4649,Volante
4650,Delantero
4651,Arquero
4652,Defensor central
4653,Delantero
4654,Lateral
4655,Defensor central
4656,Volante
4657,Defensor central
4658,Arquero
4659,Defensor central
4660,Lateral
4661,Arquero
4662,Extremo
4663,Extremo
4664,Arquero
4665,Volante defensivo
4666,Defensor central
4667,Defensor central
4668,Volante
4669,Defensor central
4670,Lateral
4671,Volante defensivo
4672,Volante
4673,Extremo
4674,Defensor central
4675,Volante defensivo
4676,Extremo
4677,Volante defensivo
4678,Arquero
4679,Extremo
4680,Delantero
4681,Delantero
